{
  "data": [
    {
      "id": 7,
      "description": "Cyberpunk Pi NFT",
      "startedAt": 1527098983,
      "endedAt": 1527098983,
      "status": "Started",
      "bc_id": 56,
      "title": "Cyberpunk Pi NFT",
      "logoImage": "https://cloudflare-ipfs.com/ipfs/bafybeih4sfe35l7pn2o6gljors3ptmjldc5e3olbe3ufcv5sofz324wkwi/2.png",
      "organizationId": "83679079336805452",
      "activitySN": null,
      "imageShows": "['https://storageapi.fleek.co/4e76b4d6-2eaa-4096-8bcf-95ba2cbc007e-bucket/SEJQSDFzamZD.png', 'https://storageapi.fleek.co/4e76b4d6-2eaa-4096-8bcf-95ba2cbc007e-bucket/aDlIVHZDQXF6.png']",
      "nftAddress": "0x3c5d08c73a8D02DfaefB22c18DD0de40fCEF5015",
      "airdropId": "83679079336805448"
    }
  ],
  "code": 200,
  "msg": "success"
}