{
  "data": {
    "title": "SpacePi 太空人 V2",
    "container": "SpacePi 太空人 V2由V1升级而来，共有31415个，每一个NFT都是独一无二的。SpacePi 太空人 V2 将对 V1持有者进行等价值空投，未来将会成为合成尼古拉斯NFT的碎片之一。",
    "getStarted": "质押铸造",
    "create": "NFT 预售",
    "createUrl": "https://spi-nft.com/#/boxes/details?id=2",
    "createUrlPath":"/boxes/details?id=2",
    "connectWallet": "连接钱包",
    "connectWallets": "连接",
    "connectSuccess": "连接成功",
    "connectFail": "连接失败",
    "connectDisconnect": "断开成功",
    "BlindBoxAdvertising":"SPINFT 功能",
    "SPINFTPartner":"合作伙伴"
  },
  "code": 200,
  "msg": "success"
}
