{
  "data": [
    {
      "id": 1,
      "title": "Cyberpunk Pi by SpacePi",
      "description": "SpacePi Astronaut V2 is upgraded from the V1, with a total of 31415, and each NFT is unique.SpacePi Astronaut V2 will airdrop equal value to V1 holders, and will become one of the fragments of Nicholas NFT in the future.",
      "banner_url": "https://imagedelivery.net/OhcNFig7WudIXwDM7XpTdw/20e4b128-ff3e-4218-a1e6-0442b7539100/public",
      "status": 1,
      "url": "https://spi-nft.com/#/boxes/details?id=2",
      "time": 1663319984
    }
  ],
  "code": 200,
  "msg": "success"
}
