{
  "data":[
  {
  "ID":1,
  "uid":0,
  "network":56,
  "contract":"0x752eF1f84E684F002Bf7889364346eB70565DBf6",
  "banner":"https://imagedelivery.net/OhcNFig7WudIXwDM7XpTdw/f22a9971-7462-4e06-b4ec-16ef988aac00/public",
  "title":"SpacePi Astronaut V2",
  "path":"https://cloudflare-ipfs.com/ipfs/bafybeidtdvpw4i36qidvzoi7yzhgbyag3ayflpyhenyuaqshx6srjzp5oe/",
  "symbol":"BTCPi-USDC",
  "type":1,
  "token1":"0x4aaad68be1a2ac9886b72b9dae474f3edd2132d9",
  "token2":"0x8AC76a51cc950d9822D68b83fE1Ad97B32Cd580d",
  "piar":"0x5d41418a006587038c4740c75c1d688cbaa6427e",
  "decimal":"18",
  "end_time":1695139200,
  "logo_url1":"https://imagedelivery.net/OhcNFig7WudIXwDM7XpTdw/a6244fbb-407a-441f-79ec-47b638ccf600/public",
  "logo_url2":"https://assets-cdn.trustwallet.com/blockchains/smartchain/assets/0x8AC76a51cc950d9822D68b83fE1Ad97B32Cd580d/logo.png",
  "setallowance":100000,
  "z":3
  },
  {
  "ID":2,
  "uid":1,
  "network":56,
  "contract":"0x752eF1f84E684F002Bf7889364346eB70565DBf6",
  "banner":"https://imagedelivery.net/OhcNFig7WudIXwDM7XpTdw/f22a9971-7462-4e06-b4ec-16ef988aac00/public",
  "title":"SpacePi Astronaut V2",
  "path":"https://cloudflare-ipfs.com/ipfs/bafybeidtdvpw4i36qidvzoi7yzhgbyag3ayflpyhenyuaqshx6srjzp5oe/",
  "symbol":"SpacePi-USDC",
  "type":1,
  "token1":"0x69b14e8D3CEBfDD8196Bfe530954A0C226E5008E",
  "token2":"0x8AC76a51cc950d9822D68b83fE1Ad97B32Cd580d",
  "piar":"0xc736D81C0D96e21FAFDf30083FD812a3DE41A203",
  "decimal":"18",
  "end_time":1695139200,
  "logo_url1":"https://imagedelivery.net/OhcNFig7WudIXwDM7XpTdw/2909893a-827a-43e5-d5a0-eaff6a4d2c00/public",
  "logo_url2":"https://assets-cdn.trustwallet.com/blockchains/smartchain/assets/0x8AC76a51cc950d9822D68b83fE1Ad97B32Cd580d/logo.png",
  "setallowance":100000,
  "z":4
  },
  {
  "ID":2,
  "uid":0,
  "network":56,
  "contract":"0x6792e283da79d81ce399b2f3ac5eb980b748c86d",
  "banner":"https://imagedelivery.net/OhcNFig7WudIXwDM7XpTdw/0d6bc6d0-40e1-4017-f199-c8ae32264a00/public",
  "title":"Cyberpunk Pi",
  "path":"https://cloudflare-ipfs.com/ipfs/bafybeialtorktcvjozp4t3gcaih42eknsegmhlyuimcj2v7jmd5j5vwp2a/",
  "symbol":"SpacePi",
  "type":0,
  "token1":"0x69b14e8D3CEBfDD8196Bfe530954A0C226E5008E",
  "token2":null,
  "piar":"0x69b14e8D3CEBfDD8196Bfe530954A0C226E5008E",
  "decimal":"9",
  "end_time":1726156800,
  "logo_url1":"https://imagedelivery.net/OhcNFig7WudIXwDM7XpTdw/2909893a-827a-43e5-d5a0-eaff6a4d2c00/public",
  "logo_url2":null,
  "setallowance":10000000000000,
  "z":1
  },
  {
  "ID":3,
  "uid":1,
  "network":56,
  "contract":"0x6792e283da79d81ce399b2f3ac5eb980b748c86d",
  "banner":"https://imagedelivery.net/OhcNFig7WudIXwDM7XpTdw/0d6bc6d0-40e1-4017-f199-c8ae32264a00/public",
  "title":"Cyberpunk Pi",
  "path":"https://cloudflare-ipfs.com/ipfs/bafybeialtorktcvjozp4t3gcaih42eknsegmhlyuimcj2v7jmd5j5vwp2a/",
  "symbol":"BTCPi",
  "type":0,
  "token1":"0x4aAAD68BE1A2Ac9886B72b9DaE474F3eDd2132D9",
  "token2":"",
  "piar":"0x4aAAD68BE1A2Ac9886B72b9DaE474F3eDd2132D9",
  "decimal":"18",
  "end_time":1726156800,
  "logo_url1":"https://imagedelivery.net/OhcNFig7WudIXwDM7XpTdw/a6244fbb-407a-441f-79ec-47b638ccf600/public",
  "logo_url2":"https://assets-",
  "setallowance":100000,
  "z":2
  }
  ],
  "code":200,
  "msg":"success"
  }