{
  "data": {
    "inProgress": "预售中",
    "finished": "已结束",
    "refresh": "刷新",
    "salesStartTime": "公开预售倒计时",
    "price": "价格",
    "mysteryBoxes": "NFT 盲盒",
    "description": "描述",
    "details": "详情",
    "connectWallet": "连接钱包",
    "authorizedQuota": "授权",
    "buyBlindBox": "购买",
    "mysteryBoxesIllustrate": "NFT预售购买数量上限以显示为准。",
    "blindBoxDetails": "NFT 详情",
    "whitelistError": "非白名单用户，暂无法购买",
    "waiting": "等待",
    "waitingSuccess": "您成功购买了NFT",
    "quantity": "数量",
    "name": "名称",
    "transactionID": "交易ID",
    "receive": "接收",
    "inputBuyQuantity": "输入数量",
    "notWhitelisted": "非白名单",
    "insufficientBalance": "余额不足",
    "inPublicPreSale": "公开预售中",
    "bind": "绑定",
    "bindText": "绑定邀请链接，你的邀请人可以获得10%的佣金奖励。",
    "invitationAddress": "邀请绑定",
    "bindSuccess": "绑定成功",
    "bindFail": "绑定失败",
    "PleaseconnectWallet": "请连接钱包",
    "pindding": "绑定进行中....",
    "allowanceSuccess": "授权成功",
    "allowanceFail": "授权失败",
    "inviteMembers": "邀请成员",
    "number": "编号",
    "address": "地址",
    "copytitle": "复制",
    "copytext": "绑定邀请链接，你的邀请人可以获得10%的佣金奖励。",
    "copySuccess": "复制成功",
    "copyFail": "复制失败",
    "award": "奖励",
    "invite": "邀请",
    "invitationBonus": "邀请奖励",
    "bindingmsg": "预售奖励10%已经自动进入您的钱包账户",
    "cancel": "取消",
    "data": [
      {
        "id": 2,
        "content": {
          "logo_url": "https://imagedelivery.net/OhcNFig7WudIXwDM7XpTdw/20e4b128-ff3e-4218-a1e6-0442b7539100/public",
          "owner_logo": "https://cloudflare-ipfs.com/ipfs/bafybeieqratbl53scba3gxnx23vg7ue7x3unx47p6q6ncolmq5p3vo3qfm/1.png",
          "title": "SpacePi Astronaut V2 Boxes\r\n",
          "nft_title": "SpacePi Astronaut V2 ",
          "description": "SpacePi 太空人 V2由V1升级而来，共有31415个，每一个NFT都是独一无二的。SpacePi 太空人 V2 将对 V1持有者进行等价值空投，未来将会成为合成尼古拉斯NFT的碎片之一。",
          "content": "SpacePi 太空人 V2由V1升级而来，共有31415个，每一个NFT都是独一无二的。SpacePi 太空人 V2 将对 V1持有者进行等价值空投，未来将会成为合成尼古拉斯NFT的碎片之一。",
          "start_time": 1672032571,
          "end_time": 1672118971,
          "status": 0,
          "endTimeStatus": true,
          "spacepi_decimal": 9,
          "btcpi_decimal": 18,
          "usdt_decimal": 18,
          "ipfs_url": "https://ipfs.io/ipfs/bafybeieqratbl53scba3gxnx23vg7ue7x3unx47p6q6ncolmq5p3vo3qfm/",
          "spacepi_address": "0x69b14e8D3CEBfDD8196Bfe530954A0C226E5008E",
          "btcpi_address": "0x4aAAD68BE1A2Ac9886B72b9DaE474F3eDd2132D9",
          "usdt_address": "0x55d398326f99059fF775485246999027B3197955",
          "contract_address": "0x8727c93b9bea2b1fa120432d23417e0feb22f1f2",
          "Quantity": 10000,
          "date": "2022-10-15",
          "Creator": "SpacePi",
          "Owner": "SpacePi",
          "chain_id": 56,
          "Network": "BSC",
          "Invite": true
        },
        "details": [
          {
            "title": "预售数量",
            "text": "10000"
          },
          {
            "title": "发行时间",
            "text": "2023-1-4"
          },
          {
            "title": "网络",
            "text": "BSC"
          },
          {
            "title": "合约地址",
            "text": "0x0A5...49311"
          }
        ],
        "boxDetails": [
          {
            "id": 0,
            "uid": 1,
            "title": "Astronaut V2 #1",
            "logo_url": "https://cloudflare-ipfs.com/ipfs/bafybeieqratbl53scba3gxnx23vg7ue7x3unx47p6q6ncolmq5p3vo3qfm/1.png",
            "url": "https://tofunft.com/nft/bsc/0x0A5205048F0025C91a96608f4CE94A112bd49311/1"
          },
          {
            "id": 1,
            "uid": 1,
            "title": "Astronaut V2 #2",
            "logo_url": "https://cloudflare-ipfs.com/ipfs/bafybeieqratbl53scba3gxnx23vg7ue7x3unx47p6q6ncolmq5p3vo3qfm/2.png",
            "url": "https://tofunft.com/nft/bsc/0x0A5205048F0025C91a96608f4CE94A112bd49311/2"
          },
          {
            "id": 2,
            "uid": 1,
            "title": "Astronaut V2 #3",
            "logo_url": "https://cloudflare-ipfs.com/ipfs/bafybeieqratbl53scba3gxnx23vg7ue7x3unx47p6q6ncolmq5p3vo3qfm/3.png",
            "url": "https://tofunft.com/nft/bsc/0x0A5205048F0025C91a96608f4CE94A112bd49311/3"
          },
          {
            "id": 3,
            "uid": 1,
            "title": "Astronaut V2 #4",
            "logo_url": "https://cloudflare-ipfs.com/ipfs/bafybeieqratbl53scba3gxnx23vg7ue7x3unx47p6q6ncolmq5p3vo3qfm/4.png",
            "url": "https://tofunft.com/nft/bsc/0x0A5205048F0025C91a96608f4CE94A112bd49311/4"
          },
          {
            "id": 4,
            "uid": 1,
            "title": "Astronaut V2 #5",
            "logo_url": "https://cloudflare-ipfs.com/ipfs/bafybeieqratbl53scba3gxnx23vg7ue7x3unx47p6q6ncolmq5p3vo3qfm/5.png",
            "url": "https://tofunft.com/nft/bsc/0x0A5205048F0025C91a96608f4CE94A112bd49311/5"
          },
          {
            "id": 5,
            "uid": 1,
            "title": "Astronaut V2 #6",
            "logo_url": "https://cloudflare-ipfs.com/ipfs/bafybeieqratbl53scba3gxnx23vg7ue7x3unx47p6q6ncolmq5p3vo3qfm/6.png",
            "url": "https://tofunft.com/nft/bsc/0x0A5205048F0025C91a96608f4CE94A112bd49311/6"
          },
          {
            "id": 6,
            "uid": 1,
            "title": "Astronaut V2 #7",
            "logo_url": "https://cloudflare-ipfs.com/ipfs/bafybeieqratbl53scba3gxnx23vg7ue7x3unx47p6q6ncolmq5p3vo3qfm/7.png",
            "url": "https://tofunft.com/nft/bsc/0x0A5205048F0025C91a96608f4CE94A112bd49311/7"
          },
          {
            "id": 7,
            "uid": 1,
            "title": "Astronaut V2 #8",
            "logo_url": "https://cloudflare-ipfs.com/ipfs/bafybeieqratbl53scba3gxnx23vg7ue7x3unx47p6q6ncolmq5p3vo3qfm/8.png",
            "url": "https://tofunft.com/nft/bsc/0x0A5205048F0025C91a96608f4CE94A112bd49311/8"
          },
          {
            "id": 8,
            "uid": 1,
            "title": "Astronaut V2 #9",
            "logo_url": "https://cloudflare-ipfs.com/ipfs/bafybeieqratbl53scba3gxnx23vg7ue7x3unx47p6q6ncolmq5p3vo3qfm/9.png",
            "url": "https://tofunft.com/nft/bsc/0x0A5205048F0025C91a96608f4CE94A112bd49311/9"
          }
        ]
      },
      {
        "id": 1,
        "content": {
          "logo_url": "https://imagedelivery.net/OhcNFig7WudIXwDM7XpTdw/5fb172a1-90c0-46a2-a6ba-3e0f51ba1400/public",
          "owner_logo": "https://imagedelivery.net/OhcNFig7WudIXwDM7XpTdw/5fb172a1-90c0-46a2-a6ba-3e0f51ba1400/public",
          "title": "Cyberpunk Pi NFT Boxes\r\n",
          "nft_title": "Cyberpunk Pi ",
          "description": "赛博朋克 Pi 是 Pi Logo 的二次创作，将遵守CC0版权原则。 SpacePi 团队为 Pi 社区设计的 Cyberpunk Pi NFT。 总计：31415，将向全球社区空投。",
          "content": "赛博朋克 Pi 是 Pi Logo 的二次创作，将遵守CC0版权原则。 SpacePi 团队为 Pi 社区设计的 Cyberpunk Pi NFT。 总计：31415，将向全球社区空投。",
          "start_time": 1663150738,
          "end_time": 1665770400,
          "status": 1,
          "endTimeStatus": true,
          "spacepi_decimal": 9,
          "btcpi_decimal": 18,
          "usdt_decimal": 18,
          "ipfs_url": "https://ipfs.io/ipfs/bafybeialtorktcvjozp4t3gcaih42eknsegmhlyuimcj2v7jmd5j5vwp2a/",
          "spacepi_address": "0x69b14e8D3CEBfDD8196Bfe530954A0C226E5008E",
          "btcpi_address": "0x4aAAD68BE1A2Ac9886B72b9DaE474F3eDd2132D9",
          "usdt_address": "",
          "contract_address": "0xF0CA2e5948c00c90efe8091C910AdDD04b277720",
          "Quantity": 10000,
          "date": "2022-10-15",
          "Creator": "SpacePi",
          "Owner": "SpacePi",
          "chain_id": 56,
          "Network": "BSC",
          "Invite": false
        },
        "details": [
          {
            "title": "预售数量",
            "text": "10000"
          },
          {
            "title": "发行时间",
            "text": "2022-10-15"
          },
          {
            "title": "网络",
            "text": "BSC"
          },
          {
            "title": "合约地址",
            "text": "0x3209b0...FDF8D"
          }
        ],
        "boxDetails": [
          {
            "id": 0,
            "uid": 1,
            "title": "Cyberpunk Pi #1",
            "logo_url": "https://cloudflare-ipfs.com/ipfs/bafybeih4sfe35l7pn2o6gljors3ptmjldc5e3olbe3ufcv5sofz324wkwi/1.png",
            "url": "https://tofunft.com/nft/bsc/0x3209b0CC1a9d15958bCFcB44714873024C2FDF8D/1"
          },
          {
            "id": 1,
            "uid": 1,
            "title": "Cyberpunk Pi #2",
            "logo_url": "https://cloudflare-ipfs.com/ipfs/bafybeih4sfe35l7pn2o6gljors3ptmjldc5e3olbe3ufcv5sofz324wkwi/2.png",
            "url": "https://tofunft.com/nft/bsc/0x3209b0CC1a9d15958bCFcB44714873024C2FDF8D/2"
          },
          {
            "id": 2,
            "uid": 1,
            "title": "Cyberpunk Pi #3",
            "logo_url": "https://cloudflare-ipfs.com/ipfs/bafybeih4sfe35l7pn2o6gljors3ptmjldc5e3olbe3ufcv5sofz324wkwi/3.png",
            "url": "https://tofunft.com/nft/bsc/0x3209b0CC1a9d15958bCFcB44714873024C2FDF8D/3"
          },
          {
            "id": 3,
            "uid": 1,
            "title": "Cyberpunk Pi #4",
            "logo_url": "https://cloudflare-ipfs.com/ipfs/bafybeih4sfe35l7pn2o6gljors3ptmjldc5e3olbe3ufcv5sofz324wkwi/4.png",
            "url": "https://tofunft.com/nft/bsc/0x3209b0CC1a9d15958bCFcB44714873024C2FDF8D/4"
          },
          {
            "id": 4,
            "uid": 1,
            "title": "Cyberpunk Pi #5",
            "logo_url": "https://cloudflare-ipfs.com/ipfs/bafybeih4sfe35l7pn2o6gljors3ptmjldc5e3olbe3ufcv5sofz324wkwi/5.png",
            "url": "https://tofunft.com/nft/bsc/0x3209b0CC1a9d15958bCFcB44714873024C2FDF8D/5"
          },
          {
            "id": 5,
            "uid": 1,
            "title": "Cyberpunk Pi #6",
            "logo_url": "https://cloudflare-ipfs.com/ipfs/bafybeih4sfe35l7pn2o6gljors3ptmjldc5e3olbe3ufcv5sofz324wkwi/6.png",
            "url": "https://tofunft.com/nft/bsc/0x3209b0CC1a9d15958bCFcB44714873024C2FDF8D/6"
          },
          {
            "id": 6,
            "uid": 1,
            "title": "Cyberpunk Pi #7",
            "logo_url": "https://cloudflare-ipfs.com/ipfs/bafybeih4sfe35l7pn2o6gljors3ptmjldc5e3olbe3ufcv5sofz324wkwi/7.png",
            "url": "https://tofunft.com/nft/bsc/0x3209b0CC1a9d15958bCFcB44714873024C2FDF8D/7"
          },
          {
            "id": 7,
            "uid": 1,
            "title": "Cyberpunk Pi #8",
            "logo_url": "https://cloudflare-ipfs.com/ipfs/bafybeih4sfe35l7pn2o6gljors3ptmjldc5e3olbe3ufcv5sofz324wkwi/8.png",
            "url": "https://tofunft.com/nft/bsc/0x3209b0CC1a9d15958bCFcB44714873024C2FDF8D/8"
          },
          {
            "id": 8,
            "uid": 1,
            "title": "Cyberpunk Pi #9",
            "logo_url": "https://cloudflare-ipfs.com/ipfs/bafybeih4sfe35l7pn2o6gljors3ptmjldc5e3olbe3ufcv5sofz324wkwi/9.png",
            "url": "https://tofunft.com/nft/bsc/0x3209b0CC1a9d15958bCFcB44714873024C2FDF8D/9"
          }
        ]
      }
    ]
  },
  "code": 200,
  "msg": "success"
}