[{
  "img":"https://imagedelivery.net/OhcNFig7WudIXwDM7XpTdw/5fb172a1-90c0-46a2-a6ba-3e0f51ba1400/public",
  "title":"Cyberpunk Pi By SpacePi",
  "text":"Cyberpunk Pi is a secondary creation of the Pi Network logo, and it will abide by the CC0 copyright principle. The Cyberpunk Pi NFT designed by the SpacePi team for the Pi community. Total: 31415, will be airdropped to the global community.",
  "bntTitle1":"Stake to Mint",
  "bntUrl1":"/smint",
  "bntTitle2":"NFT Presale",
  "bntUrl2":"/boxes/details?id=1"
},{
  "img":"https://imagedelivery.net/OhcNFig7WudIXwDM7XpTdw/f26da131-db7d-4dc5-bd94-4db027dd2800/public",
  "title":"SpacePi Planet V2",
  "text":"SpacePi Planet V2 is upgraded on the basis of V1, with a total of 31415, and each NFT is unique. SpacePi Planet V2 will airdrop equal value to V1 holders, and will become one of the fragments of Nicholas NFT in the future. V1 rare planets will receive more SpacePi Planet V2 airdrops.",
  "bntTitle1":"Stake to Mint",
  "bntUrl1":"/smint",
  "bntTitle2":"Coming Soon",
  "bntUrl2":"/boxes/details?id=2"
},{
  "img":"https://imagedelivery.net/OhcNFig7WudIXwDM7XpTdw/dc2b22bd-4066-4df7-3972-0a3d8cd9e500/public",
  "title":"Nicholas By SpacePi",
  "text":"Nicholas SpacePi NFT was designed and launched by the SpacePi team to pay tribute to him who founded the Pi Network. The total amount is yet to be determined, and the acquisition method will be synthesized through multiple other SpacePi NFTs.",
  "bntTitle1":"Compound",
  "bntUrl1":"/smint",
  "bntTitle2":"Coming Soon",
  "bntUrl2":"/boxes/details?id=2"
}]