[{
  "img":"https://imagedelivery.net/OhcNFig7WudIXwDM7XpTdw/5fb172a1-90c0-46a2-a6ba-3e0f51ba1400/public",
  "title":"Cyberpunk Pi By SpacePi",
  "text":"Cyberpunk Pi是Pi Network logo的二次创作，将遵守CC0版权原则。 SpacePi 团队为 Pi 社区设计的 Cyberpunk Pi NFT。 总量：31415，将空投至全球社区。",
  "bntTitle1":"质押铸造",
  "bntUrl1":"/smint",
  "bntTitle2":"NFT预售",
  "bntUrl2":"/boxes/details?id=1"
},{
  "img":"https://imagedelivery.net/OhcNFig7WudIXwDM7XpTdw/f26da131-db7d-4dc5-bd94-4db027dd2800/public",
  "title":"SpacePi 星球 V2",
  "text":"SpacePi 星球 V2 是在 V1的基础上升级而成，总量31415，每个NFT都是唯一的。SpacePi Planet V2 将对 V1持有者进行等价值空投，未来将会成为合成尼古拉斯NFT的碎片之一。",
  "bntTitle1":"质押铸造",
  "bntUrl1":"/smint",
  "bntTitle2":"即将上线",
  "bntUrl2":"/boxes/details?id=2"
},{
  "img":"https://imagedelivery.net/OhcNFig7WudIXwDM7XpTdw/dc2b22bd-4066-4df7-3972-0a3d8cd9e500/public",
  "title":"尼古拉斯 SpacePi",
  "text":"尼古拉斯 SpacePi NFT是由 SpacePi 团队设计推出的，是为了致敬 他创立了 Pi Network。总量暂时未定，获取方式将会通过多个其他 SpacePi NFT 合成。",
  "bntTitle1":"销毁合成",
  "bntUrl1":"/smint",
  "bntTitle2":"即将上线",
  "bntUrl2":"/boxes/details?id=2"
}]